"","param_value","type","rep","response_no","p"
"1","autismfanned2-1","autismfanned2","1",1,0.224832214765101
"2","autismfanned2-2","autismfanned2","2",1,0.590909090909091
"3","autismfanned2-3","autismfanned2","3",1,0.452873563218391
"4","autismfanned2-4","autismfanned2","4",1,0.616352201257862
"5","autismfanned2-5","autismfanned2","5",1,0.407640449438202
"6","autismordered-1","autismordered","1",1,0.333333333333333
"7","autismordered-2","autismordered","2",1,0.4625
"8","autismordered-3","autismordered","3",1,0.315315315315315
"9","autismordered-4","autismordered","4",1,0.327272727272727
"10","autismordered-5","autismordered","5",1,0.447368421052632
"11","autismunordered-1","autismunordered","1",1,1
"12","autismunordered-2","autismunordered","2",1,0.251968503937008
"13","autismunordered-3","autismunordered","3",1,0.363636363636364
"14","autismunordered-4","autismunordered","4",1,0.466666666666667
"15","autismunordered-5","autismunordered","5",1,0.273972602739726
"16","cyclone-1","cyclone","1",1,0.2
"17","cyclone-2","cyclone","2",1,0.260869565217391
"18","cyclone-3","cyclone","3",1,0.175182481751825
"19","cyclone-4","cyclone","4",1,0.266666666666667
"20","cyclone-5","cyclone","5",1,0.276595744680851
"21","dialyzerheterogeneous-1","dialyzerheterogeneous","1",1,0.134416543574594
"22","dialyzerheterogeneous-2","dialyzerheterogeneous","2",1,0.350453172205438
"23","dialyzerheterogeneous-3","dialyzerheterogeneous","3",1,0.306451612903226
"24","dialyzerheterogeneous-4","dialyzerheterogeneous","4",1,0.358993902439024
"25","dialyzerheterogeneous-5","dialyzerheterogeneous","5",1,0.20253164556962
"26","dialyzernonlinear-1","dialyzernonlinear","1",1,0.444444444444444
"27","dialyzernonlinear-2","dialyzernonlinear","2",1,0.5
"28","dialyzernonlinear-3","dialyzernonlinear","3",1,0.35
"29","dialyzernonlinear-4","dialyzernonlinear","4",1,0.285714285714286
"30","dialyzernonlinear-5","dialyzernonlinear","5",1,0.571428571428571
"31","electoral-1","electoral","1",1,0.317680428616451
"32","electoral-2","electoral","2",1,0.299727520435967
"33","electoral-3","electoral","3",1,0.379980563654033
"34","electoral-4","electoral","4",1,0.304222093695778
"35","electoral-5","electoral","5",1,0.386648122392211
"36","examcorr-1","examcorr","1",1,0.468053491827637
"37","examcorr-2","examcorr","2",1,0.37956204379562
"38","examcorr-3","examcorr","3",1,0.571788413098237
"39","examcorr-4","examcorr","4",1,0.330188679245283
"40","examcorr-5","examcorr","5",1,0.816901408450704
"41","examfanned-1","examfanned","1",1,0.255559845559846
"42","examfanned-2","examfanned","2",1,0.417989417989418
"43","examfanned-3","examfanned","3",1,0.316259678379988
"44","examfanned-4","examfanned","4",1,0.193700787401575
"45","examfanned-5","examfanned","5",1,0.193720379146919
"46","examuncorr-1","examuncorr","1",1,0.454436450839329
"47","examuncorr-2","examuncorr","2",1,0.206361520558573
"48","examuncorr-3","examuncorr","3",1,0.272727272727273
"49","examuncorr-4","examuncorr","4",1,0.13768115942029
"50","examuncorr-5","examuncorr","5",1,0.213541666666667
"51","radontranef-1","radontranef","1",1,0.331967213114754
"52","radontranef-2","radontranef","2",1,0.544430538172716
"53","radontranef-3","radontranef","3",1,0.4296875
"54","radontranef-4","radontranef","4",1,0.303636363636364
"55","radontranef-5","radontranef","5",1,0.270833333333333
"56","autismfanned2-1","autismfanned2","1",2,0.167785234899329
"57","autismfanned2-2","autismfanned2","2",2,0.136363636363636
"58","autismfanned2-3","autismfanned2","3",2,0.282758620689655
"59","autismfanned2-4","autismfanned2","4",2,0.0880503144654088
"60","autismfanned2-5","autismfanned2","5",2,0.257078651685393
"61","autismordered-1","autismordered","1",2,0.222222222222222
"62","autismordered-2","autismordered","2",2,0.225
"63","autismordered-3","autismordered","3",2,0.216216216216216
"64","autismordered-4","autismordered","4",2,0.2
"65","autismordered-5","autismordered","5",2,0.105263157894737
"66","autismunordered-1","autismunordered","1",2,0
"67","autismunordered-2","autismunordered","2",2,0.192913385826772
"68","autismunordered-3","autismunordered","3",2,0.181818181818182
"69","autismunordered-4","autismunordered","4",2,0.233333333333333
"70","autismunordered-5","autismunordered","5",2,0.255707762557078
"71","cyclone-1","cyclone","1",2,0.14
"72","cyclone-2","cyclone","2",2,0.156521739130435
"73","cyclone-3","cyclone","3",2,0.153284671532847
"74","cyclone-4","cyclone","4",2,0.166666666666667
"75","cyclone-5","cyclone","5",2,0.212765957446809
"76","dialyzerheterogeneous-1","dialyzerheterogeneous","1",2,0.128508124076809
"77","dialyzerheterogeneous-2","dialyzerheterogeneous","2",2,0.105740181268882
"78","dialyzerheterogeneous-3","dialyzerheterogeneous","3",2,0.205645161290323
"79","dialyzerheterogeneous-4","dialyzerheterogeneous","4",2,0.0754573170731707
"80","dialyzerheterogeneous-5","dialyzerheterogeneous","5",2,0.132208157524613
"81","dialyzernonlinear-1","dialyzernonlinear","1",2,0.333333333333333
"82","dialyzernonlinear-2","dialyzernonlinear","2",2,0.5
"83","dialyzernonlinear-3","dialyzernonlinear","3",2,0.3
"84","dialyzernonlinear-4","dialyzernonlinear","4",2,0.285714285714286
"85","dialyzernonlinear-5","dialyzernonlinear","5",2,0.285714285714286
"86","electoral-1","electoral","1",2,0.317680428616451
"87","electoral-2","electoral","2",2,0.237965485921889
"88","electoral-3","electoral","3",2,0.135811467444121
"89","electoral-4","electoral","4",2,0.225563909774436
"90","electoral-5","electoral","5",2,0.166898470097357
"91","examcorr-1","examcorr","1",2,0.337295690936107
"92","examcorr-2","examcorr","2",2,0.262773722627737
"93","examcorr-3","examcorr","3",2,0.287153652392947
"94","examcorr-4","examcorr","4",2,0.245283018867925
"95","examcorr-5","examcorr","5",2,0.0845070422535211
"96","examfanned-1","examfanned","1",2,0.178918918918919
"97","examfanned-2","examfanned","2",2,0.134920634920635
"98","examfanned-3","examfanned","3",2,0.140559857057772
"99","examfanned-4","examfanned","4",2,0.188976377952756
"100","examfanned-5","examfanned","5",2,0.186018957345972
"101","examuncorr-1","examuncorr","1",2,0.111510791366906
"102","examuncorr-2","examuncorr","2",2,0.151280062063615
"103","examuncorr-3","examuncorr","3",2,0.131313131313131
"104","examuncorr-4","examuncorr","4",2,0.108695652173913
"105","examuncorr-5","examuncorr","5",2,0.18359375
"106","radontranef-1","radontranef","1",2,0.274590163934426
"107","radontranef-2","radontranef","2",2,0.185857321652065
"108","radontranef-3","radontranef","3",2,0.310416666666667
"109","radontranef-4","radontranef","4",2,0.241818181818182
"110","radontranef-5","radontranef","5",2,0.193627450980392
"111","autismfanned2-1","autismfanned2","1",3,0.134228187919463
"112","autismfanned2-2","autismfanned2","2",3,0.0909090909090909
"113","autismfanned2-3","autismfanned2","3",3,0.0758620689655172
"114","autismfanned2-4","autismfanned2","4",3,0.0754716981132076
"115","autismfanned2-5","autismfanned2","5",3,0.135730337078652
"116","autismordered-1","autismordered","1",3,0.111111111111111
"117","autismordered-2","autismordered","2",3,0.125
"118","autismordered-3","autismordered","3",3,0.18018018018018
"119","autismordered-4","autismordered","4",3,0.181818181818182
"120","autismordered-5","autismordered","5",3,0.105263157894737
"121","autismunordered-1","autismunordered","1",3,0
"122","autismunordered-2","autismunordered","2",3,0.177165354330709
"123","autismunordered-3","autismunordered","3",3,0.181818181818182
"124","autismunordered-4","autismunordered","4",3,0.1
"125","autismunordered-5","autismunordered","5",3,0.182648401826484
"126","cyclone-1","cyclone","1",3,0.14
"127","cyclone-2","cyclone","2",3,0.147826086956522
"128","cyclone-3","cyclone","3",3,0.131386861313869
"129","cyclone-4","cyclone","4",3,0.144444444444444
"130","cyclone-5","cyclone","5",3,0.127659574468085
"131","dialyzerheterogeneous-1","dialyzerheterogeneous","1",3,0.122599704579025
"132","dialyzerheterogeneous-2","dialyzerheterogeneous","2",3,0.0876132930513595
"133","dialyzerheterogeneous-3","dialyzerheterogeneous","3",3,0.133064516129032
"134","dialyzerheterogeneous-4","dialyzerheterogeneous","4",3,0.0663109756097561
"135","dialyzerheterogeneous-5","dialyzerheterogeneous","5",3,0.129957805907173
"136","dialyzernonlinear-1","dialyzernonlinear","1",3,0.111111111111111
"137","dialyzernonlinear-2","dialyzernonlinear","2",3,0
"138","dialyzernonlinear-3","dialyzernonlinear","3",3,0.2
"139","dialyzernonlinear-4","dialyzernonlinear","4",3,0.285714285714286
"140","dialyzernonlinear-5","dialyzernonlinear","5",3,0.142857142857143
"141","electoral-1","electoral","1",3,0.11188150015758
"142","electoral-2","electoral","2",3,0.138964577656676
"143","electoral-3","electoral","3",3,0.10689990281827
"144","electoral-4","electoral","4",3,0.164835164835165
"145","electoral-5","electoral","5",3,0.108484005563282
"146","examcorr-1","examcorr","1",3,0.0579494799405646
"147","examcorr-2","examcorr","2",3,0.197080291970803
"148","examcorr-3","examcorr","3",3,0.0428211586901763
"149","examcorr-4","examcorr","4",3,0.226415094339623
"150","examcorr-5","examcorr","5",3,0.0704225352112676
"151","examfanned-1","examfanned","1",3,0.102857142857143
"152","examfanned-2","examfanned","2",3,0.124338624338624
"153","examfanned-3","examfanned","3",3,0.139964264443121
"154","examfanned-4","examfanned","4",3,0.184251968503937
"155","examfanned-5","examfanned","5",3,0.116706161137441
"156","examuncorr-1","examuncorr","1",3,0.0719424460431655
"157","examuncorr-2","examuncorr","2",3,0.102404965089216
"158","examuncorr-3","examuncorr","3",3,0.121212121212121
"159","examuncorr-4","examuncorr","4",3,0.0978260869565217
"160","examuncorr-5","examuncorr","5",3,0.102864583333333
"161","radontranef-1","radontranef","1",3,0.237704918032787
"162","radontranef-2","radontranef","2",3,0.0638297872340426
"163","radontranef-3","radontranef","3",3,0.107291666666667
"164","radontranef-4","radontranef","4",3,0.210909090909091
"165","radontranef-5","radontranef","5",3,0.142156862745098
"166","autismfanned2-1","autismfanned2","1",4,0.124161073825503
"167","autismfanned2-2","autismfanned2","2",4,0.0606060606060606
"168","autismfanned2-3","autismfanned2","3",4,0.0551724137931034
"169","autismfanned2-4","autismfanned2","4",4,0.0566037735849057
"170","autismfanned2-5","autismfanned2","5",4,0.0808988764044944
"171","autismordered-1","autismordered","1",4,0.111111111111111
"172","autismordered-2","autismordered","2",4,0.06875
"173","autismordered-3","autismordered","3",4,0.171171171171171
"174","autismordered-4","autismordered","4",4,0.127272727272727
"175","autismordered-5","autismordered","5",4,0.105263157894737
"176","autismunordered-1","autismunordered","1",4,0
"177","autismunordered-2","autismunordered","2",4,0.110236220472441
"178","autismunordered-3","autismunordered","3",4,0.181818181818182
"179","autismunordered-4","autismunordered","4",4,0.1
"180","autismunordered-5","autismunordered","5",4,0.141552511415525
"181","cyclone-1","cyclone","1",4,0.12
"182","cyclone-2","cyclone","2",4,0.104347826086957
"183","cyclone-3","cyclone","3",4,0.109489051094891
"184","cyclone-4","cyclone","4",4,0.133333333333333
"185","cyclone-5","cyclone","5",4,0.0957446808510638
"186","dialyzerheterogeneous-1","dialyzerheterogeneous","1",4,0.110782865583456
"187","dialyzerheterogeneous-2","dialyzerheterogeneous","2",4,0.0876132930513595
"188","dialyzerheterogeneous-3","dialyzerheterogeneous","3",4,0.0887096774193548
"189","dialyzerheterogeneous-4","dialyzerheterogeneous","4",4,0.0571646341463415
"190","dialyzerheterogeneous-5","dialyzerheterogeneous","5",4,0.10126582278481
"191","dialyzernonlinear-1","dialyzernonlinear","1",4,0.111111111111111
"192","dialyzernonlinear-2","dialyzernonlinear","2",4,0
"193","dialyzernonlinear-3","dialyzernonlinear","3",4,0.05
"194","dialyzernonlinear-4","dialyzernonlinear","4",4,0.142857142857143
"195","dialyzernonlinear-5","dialyzernonlinear","5",4,0
"196","electoral-1","electoral","1",4,0.0926567916797983
"197","electoral-2","electoral","2",4,0.0920375416288223
"198","electoral-3","electoral","3",4,0.0923226433430515
"199","electoral-4","electoral","4",4,0.075187969924812
"200","electoral-5","electoral","5",4,0.0556328233657858
"201","examcorr-1","examcorr","1",4,0.0401188707280832
"202","examcorr-2","examcorr","2",4,0.0437956204379562
"203","examcorr-3","examcorr","3",4,0.0302267002518892
"204","examcorr-4","examcorr","4",4,0.0566037735849057
"205","examcorr-5","examcorr","5",4,0.028169014084507
"206","examfanned-1","examfanned","1",4,0.0864864864864865
"207","examfanned-2","examfanned","2",4,0.0952380952380952
"208","examfanned-3","examfanned","3",4,0.10184633710542
"209","examfanned-4","examfanned","4",4,0.105511811023622
"210","examfanned-5","examfanned","5",4,0.101303317535545
"211","examuncorr-1","examuncorr","1",4,0.065947242206235
"212","examuncorr-2","examuncorr","2",4,0.0977501939487975
"213","examuncorr-3","examuncorr","3",4,0.0909090909090909
"214","examuncorr-4","examuncorr","4",4,0.0869565217391304
"215","examuncorr-5","examuncorr","5",4,0.0859375
"216","radontranef-1","radontranef","1",4,0.114754098360656
"217","radontranef-2","radontranef","2",4,0.0563204005006258
"218","radontranef-3","radontranef","3",4,0.0760416666666667
"219","radontranef-4","radontranef","4",4,0.0781818181818182
"220","radontranef-5","radontranef","5",4,0.137745098039216
"221","autismfanned2-1","autismfanned2","1",5,0.10738255033557
"222","autismfanned2-2","autismfanned2","2",5,0.0606060606060606
"223","autismfanned2-3","autismfanned2","3",5,0.0413793103448276
"224","autismfanned2-4","autismfanned2","4",5,0.050314465408805
"225","autismfanned2-5","autismfanned2","5",5,0.0449438202247191
"226","autismordered-1","autismordered","1",5,0.111111111111111
"227","autismordered-2","autismordered","2",5,0.06875
"228","autismordered-3","autismordered","3",5,0.0810810810810811
"229","autismordered-4","autismordered","4",5,0.0545454545454545
"230","autismordered-5","autismordered","5",5,0.105263157894737
"231","autismunordered-1","autismunordered","1",5,0
"232","autismunordered-2","autismunordered","2",5,0.0708661417322835
"233","autismunordered-3","autismunordered","3",5,0.0909090909090909
"234","autismunordered-4","autismunordered","4",5,0.0333333333333333
"235","autismunordered-5","autismunordered","5",5,0.0730593607305936
"236","cyclone-1","cyclone","1",5,0.08
"237","cyclone-2","cyclone","2",5,0.0956521739130435
"238","cyclone-3","cyclone","3",5,0.109489051094891
"239","cyclone-4","cyclone","4",5,0.0444444444444444
"240","cyclone-5","cyclone","5",5,0.0638297872340426
"241","dialyzerheterogeneous-1","dialyzerheterogeneous","1",5,0.10192023633678
"242","dialyzerheterogeneous-2","dialyzerheterogeneous","2",5,0.0634441087613293
"243","dialyzerheterogeneous-3","dialyzerheterogeneous","3",5,0.0645161290322581
"244","dialyzerheterogeneous-4","dialyzerheterogeneous","4",5,0.0571646341463415
"245","dialyzerheterogeneous-5","dialyzerheterogeneous","5",5,0.0843881856540084
"246","dialyzernonlinear-1","dialyzernonlinear","1",5,0
"247","dialyzernonlinear-2","dialyzernonlinear","2",5,0
"248","dialyzernonlinear-3","dialyzernonlinear","3",5,0.05
"249","dialyzernonlinear-4","dialyzernonlinear","4",5,0
"250","dialyzernonlinear-5","dialyzernonlinear","5",5,0
"251","electoral-1","electoral","1",5,0.0264733690513709
"252","electoral-2","electoral","2",5,0.0647895852255525
"253","electoral-3","electoral","3",5,0.0728862973760933
"254","electoral-4","electoral","4",5,0.0555234239444766
"255","electoral-5","electoral","5",5,0.0500695410292072
"256","examcorr-1","examcorr","1",5,0.0356612184249629
"257","examcorr-2","examcorr","2",5,0.0437956204379562
"258","examcorr-3","examcorr","3",5,0.0302267002518892
"259","examcorr-4","examcorr","4",5,0.0566037735849057
"260","examcorr-5","examcorr","5",5,0
"261","examfanned-1","examfanned","1",5,0.0810810810810811
"262","examfanned-2","examfanned","2",5,0.0714285714285714
"263","examfanned-3","examfanned","3",5,0.0714711137581894
"264","examfanned-4","examfanned","4",5,0.0566929133858268
"265","examfanned-5","examfanned","5",5,0.100118483412322
"266","examuncorr-1","examuncorr","1",5,0.0431654676258993
"267","examuncorr-2","examuncorr","2",5,0.0861132660977502
"268","examuncorr-3","examuncorr","3",5,0.0848484848484849
"269","examuncorr-4","examuncorr","4",5,0.0815217391304348
"270","examuncorr-5","examuncorr","5",5,0.078125
"271","radontranef-1","radontranef","1",5,0.014344262295082
"272","radontranef-2","radontranef","2",5,0.0438047559449312
"273","radontranef-3","radontranef","3",5,0.0390625
"274","radontranef-4","radontranef","4",5,0.0672727272727273
"275","radontranef-5","radontranef","5",5,0.137745098039216
"276","autismfanned2-1","autismfanned2","1",6,0.100671140939597
"277","autismfanned2-2","autismfanned2","2",6,0.0303030303030303
"278","autismfanned2-3","autismfanned2","3",6,0.0275862068965517
"279","autismfanned2-4","autismfanned2","4",6,0.050314465408805
"280","autismfanned2-5","autismfanned2","5",6,0.0269662921348315
"281","autismordered-1","autismordered","1",6,0.111111111111111
"282","autismordered-2","autismordered","2",6,0.0125
"283","autismordered-3","autismordered","3",6,0.036036036036036
"284","autismordered-4","autismordered","4",6,0.0363636363636364
"285","autismordered-5","autismordered","5",6,0.0526315789473684
"286","autismunordered-1","autismunordered","1",6,0
"287","autismunordered-2","autismunordered","2",6,0.0708661417322835
"288","autismunordered-3","autismunordered","3",6,0
"289","autismunordered-4","autismunordered","4",6,0.0333333333333333
"290","autismunordered-5","autismunordered","5",6,0.045662100456621
"291","cyclone-1","cyclone","1",6,0.08
"292","cyclone-2","cyclone","2",6,0.0521739130434783
"293","cyclone-3","cyclone","3",6,0.0875912408759124
"294","cyclone-4","cyclone","4",6,0.0444444444444444
"295","cyclone-5","cyclone","5",6,0.0638297872340426
"296","dialyzerheterogeneous-1","dialyzerheterogeneous","1",6,0.0841949778434269
"297","dialyzerheterogeneous-2","dialyzerheterogeneous","2",6,0.0513595166163142
"298","dialyzerheterogeneous-3","dialyzerheterogeneous","3",6,0.0524193548387097
"299","dialyzerheterogeneous-4","dialyzerheterogeneous","4",6,0.0571646341463415
"300","dialyzerheterogeneous-5","dialyzerheterogeneous","5",6,0.0807313642756681
"301","dialyzernonlinear-1","dialyzernonlinear","1",6,0
"302","dialyzernonlinear-2","dialyzernonlinear","2",6,0
"303","dialyzernonlinear-3","dialyzernonlinear","3",6,0.05
"304","dialyzernonlinear-4","dialyzernonlinear","4",6,0
"305","dialyzernonlinear-5","dialyzernonlinear","5",6,0
"306","electoral-1","electoral","1",6,0.0264733690513709
"307","electoral-2","electoral","2",6,0.036330608537693
"308","electoral-3","electoral","3",6,0.0629251700680272
"309","electoral-4","electoral","4",6,0.0410641989589358
"310","electoral-5","electoral","5",6,0.0333796940194715
"311","examcorr-1","examcorr","1",6,0.0356612184249629
"312","examcorr-2","examcorr","2",6,0.0291970802919708
"313","examcorr-3","examcorr","3",6,0.0151133501259446
"314","examcorr-4","examcorr","4",6,0.0283018867924528
"315","examcorr-5","examcorr","5",6,0
"316","examfanned-1","examfanned","1",6,0.0675675675675676
"317","examfanned-2","examfanned","2",6,0.0476190476190476
"318","examfanned-3","examfanned","3",6,0.0595592614651578
"319","examfanned-4","examfanned","4",6,0.0566929133858268
"320","examfanned-5","examfanned","5",6,0.0924170616113744
"321","examuncorr-1","examuncorr","1",6,0.0407673860911271
"322","examuncorr-2","examuncorr","2",6,0.0752521334367727
"323","examuncorr-3","examuncorr","3",6,0.0808080808080808
"324","examuncorr-4","examuncorr","4",6,0.072463768115942
"325","examuncorr-5","examuncorr","5",6,0.0677083333333333
"326","radontranef-1","radontranef","1",6,0.014344262295082
"327","radontranef-2","radontranef","2",6,0.041927409261577
"328","radontranef-3","radontranef","3",6,0.034375
"329","radontranef-4","radontranef","4",6,0.0381818181818182
"330","radontranef-5","radontranef","5",6,0.0343137254901961
"331","autismfanned2-1","autismfanned2","1",7,0.0335570469798658
"332","autismfanned2-2","autismfanned2","2",7,0.0303030303030303
"333","autismfanned2-3","autismfanned2","3",7,0.0275862068965517
"334","autismfanned2-4","autismfanned2","4",7,0.0314465408805031
"335","autismfanned2-5","autismfanned2","5",7,0.0224719101123595
"336","autismordered-1","autismordered","1",7,0
"337","autismordered-2","autismordered","2",7,0.0125
"338","autismordered-3","autismordered","3",7,0
"339","autismordered-4","autismordered","4",7,0.0363636363636364
"340","autismordered-5","autismordered","5",7,0.0263157894736842
"341","autismunordered-1","autismunordered","1",7,0
"342","autismunordered-2","autismunordered","2",7,0.062992125984252
"343","autismunordered-3","autismunordered","3",7,0
"344","autismunordered-4","autismunordered","4",7,0.0333333333333333
"345","autismunordered-5","autismunordered","5",7,0.0273972602739726
"346","cyclone-1","cyclone","1",7,0.04
"347","cyclone-2","cyclone","2",7,0.0521739130434783
"348","cyclone-3","cyclone","3",7,0.0875912408759124
"349","cyclone-4","cyclone","4",7,0.0444444444444444
"350","cyclone-5","cyclone","5",7,0.0319148936170213
"351","dialyzerheterogeneous-1","dialyzerheterogeneous","1",7,0.0812407680945347
"352","dialyzerheterogeneous-2","dialyzerheterogeneous","2",7,0.0453172205438067
"353","dialyzerheterogeneous-3","dialyzerheterogeneous","3",7,0.0483870967741935
"354","dialyzerheterogeneous-4","dialyzerheterogeneous","4",7,0.0548780487804878
"355","dialyzerheterogeneous-5","dialyzerheterogeneous","5",7,0.0506329113924051
"356","dialyzernonlinear-1","dialyzernonlinear","1",7,0
"357","dialyzernonlinear-2","dialyzernonlinear","2",7,0
"358","dialyzernonlinear-3","dialyzernonlinear","3",7,0
"359","dialyzernonlinear-4","dialyzernonlinear","4",7,0
"360","dialyzernonlinear-5","dialyzernonlinear","5",7,0
"361","electoral-1","electoral","1",7,0.0264733690513709
"362","electoral-2","electoral","2",7,0.0308810172570391
"363","electoral-3","electoral","3",7,0.043731778425656
"364","electoral-4","electoral","4",7,0.0396182764603817
"365","electoral-5","electoral","5",7,0.0264255910987483
"366","examcorr-1","examcorr","1",7,0.0163447251114413
"367","examcorr-2","examcorr","2",7,0.0218978102189781
"368","examcorr-3","examcorr","3",7,0.0151133501259446
"369","examcorr-4","examcorr","4",7,0.0188679245283019
"370","examcorr-5","examcorr","5",7,0
"371","examfanned-1","examfanned","1",7,0.0554054054054054
"372","examfanned-2","examfanned","2",7,0.0317460317460317
"373","examfanned-3","examfanned","3",7,0.0357355568790947
"374","examfanned-4","examfanned","4",7,0.0566929133858268
"375","examfanned-5","examfanned","5",7,0.0539099526066351
"376","examuncorr-1","examuncorr","1",7,0.0359712230215827
"377","examuncorr-2","examuncorr","2",7,0.0488750969743988
"378","examuncorr-3","examuncorr","3",7,0.0444444444444444
"379","examuncorr-4","examuncorr","4",7,0.0652173913043478
"380","examuncorr-5","examuncorr","5",7,0.046875
"381","radontranef-1","radontranef","1",7,0.00614754098360656
"382","radontranef-2","radontranef","2",7,0.0375469336670839
"383","radontranef-3","radontranef","3",7,0.003125
"384","radontranef-4","radontranef","4",7,0.0381818181818182
"385","radontranef-5","radontranef","5",7,0.0183823529411765
"386","autismfanned2-1","autismfanned2","1",8,0.0335570469798658
"387","autismfanned2-2","autismfanned2","2",8,0
"388","autismfanned2-3","autismfanned2","3",8,0.0275862068965517
"389","autismfanned2-4","autismfanned2","4",8,0.0251572327044025
"390","autismfanned2-5","autismfanned2","5",8,0.018876404494382
"391","autismordered-1","autismordered","1",8,0
"392","autismordered-2","autismordered","2",8,0.0125
"393","autismordered-3","autismordered","3",8,0
"394","autismordered-4","autismordered","4",8,0.0181818181818182
"395","autismordered-5","autismordered","5",8,0.0263157894736842
"396","autismunordered-1","autismunordered","1",8,0
"397","autismunordered-2","autismunordered","2",8,0.015748031496063
"398","autismunordered-3","autismunordered","3",8,0
"399","autismunordered-4","autismunordered","4",8,0
"400","autismunordered-5","autismunordered","5",8,0
"401","cyclone-1","cyclone","1",8,0.04
"402","cyclone-2","cyclone","2",8,0.0521739130434783
"403","cyclone-3","cyclone","3",8,0.0583941605839416
"404","cyclone-4","cyclone","4",8,0.0444444444444444
"405","cyclone-5","cyclone","5",8,0.0319148936170213
"406","dialyzerheterogeneous-1","dialyzerheterogeneous","1",8,0.0753323485967504
"407","dialyzerheterogeneous-2","dialyzerheterogeneous","2",8,0.0453172205438067
"408","dialyzerheterogeneous-3","dialyzerheterogeneous","3",8,0.0241935483870968
"409","dialyzerheterogeneous-4","dialyzerheterogeneous","4",8,0.0548780487804878
"410","dialyzerheterogeneous-5","dialyzerheterogeneous","5",8,0.0379746835443038
"411","dialyzernonlinear-1","dialyzernonlinear","1",8,0
"412","dialyzernonlinear-2","dialyzernonlinear","2",8,0
"413","dialyzernonlinear-3","dialyzernonlinear","3",8,0
"414","dialyzernonlinear-4","dialyzernonlinear","4",8,0
"415","dialyzernonlinear-5","dialyzernonlinear","5",8,0
"416","electoral-1","electoral","1",8,0.0264733690513709
"417","electoral-2","electoral","2",8,0.0227066303360581
"418","electoral-3","electoral","3",8,0.0284256559766764
"419","electoral-4","electoral","4",8,0.0347021399652979
"420","electoral-5","electoral","5",8,0.0264255910987483
"421","examcorr-1","examcorr","1",8,0.00445765230312036
"422","examcorr-2","examcorr","2",8,0.0218978102189781
"423","examcorr-3","examcorr","3",8,0.00755667506297229
"424","examcorr-4","examcorr","4",8,0.0188679245283019
"425","examcorr-5","examcorr","5",8,0
"426","examfanned-1","examfanned","1",8,0.0298841698841699
"427","examfanned-2","examfanned","2",8,0.0158730158730159
"428","examfanned-3","examfanned","3",8,0.0238237045860631
"429","examfanned-4","examfanned","4",8,0.0440944881889764
"430","examfanned-5","examfanned","5",8,0.04739336492891
"431","examuncorr-1","examuncorr","1",8,0.0215827338129496
"432","examuncorr-2","examuncorr","2",8,0.04344453064391
"433","examuncorr-3","examuncorr","3",8,0.0444444444444444
"434","examuncorr-4","examuncorr","4",8,0.0507246376811594
"435","examuncorr-5","examuncorr","5",8,0.046875
"436","radontranef-1","radontranef","1",8,0.00614754098360656
"437","radontranef-2","radontranef","2",8,0.00750938673341677
"438","radontranef-3","radontranef","3",8,0
"439","radontranef-4","radontranef","4",8,0.00545454545454545
"440","radontranef-5","radontranef","5",8,0.0176470588235294
"441","autismfanned2-1","autismfanned2","1",9,0.0335570469798658
"442","autismfanned2-2","autismfanned2","2",9,0
"443","autismfanned2-3","autismfanned2","3",9,0.00919540229885057
"444","autismfanned2-4","autismfanned2","4",9,0.00628930817610063
"445","autismfanned2-5","autismfanned2","5",9,0.00539325842696629
"446","autismordered-1","autismordered","1",9,0
"447","autismordered-2","autismordered","2",9,0.0125
"448","autismordered-3","autismordered","3",9,0
"449","autismordered-4","autismordered","4",9,0.0181818181818182
"450","autismordered-5","autismordered","5",9,0.0263157894736842
"451","autismunordered-1","autismunordered","1",9,0
"452","autismunordered-2","autismunordered","2",9,0.015748031496063
"453","autismunordered-3","autismunordered","3",9,0
"454","autismunordered-4","autismunordered","4",9,0
"455","autismunordered-5","autismunordered","5",9,0
"456","cyclone-1","cyclone","1",9,0.04
"457","cyclone-2","cyclone","2",9,0.0521739130434783
"458","cyclone-3","cyclone","3",9,0.0437956204379562
"459","cyclone-4","cyclone","4",9,0.0333333333333333
"460","cyclone-5","cyclone","5",9,0.0319148936170213
"461","dialyzerheterogeneous-1","dialyzerheterogeneous","1",9,0.0679468242245199
"462","dialyzerheterogeneous-2","dialyzerheterogeneous","2",9,0.0362537764350453
"463","dialyzerheterogeneous-3","dialyzerheterogeneous","3",9,0.0241935483870968
"464","dialyzerheterogeneous-4","dialyzerheterogeneous","4",9,0.0548780487804878
"465","dialyzerheterogeneous-5","dialyzerheterogeneous","5",9,0.0371308016877637
"466","dialyzernonlinear-1","dialyzernonlinear","1",9,0
"467","dialyzernonlinear-2","dialyzernonlinear","2",9,0
"468","dialyzernonlinear-3","dialyzernonlinear","3",9,0
"469","dialyzernonlinear-4","dialyzernonlinear","4",9,0
"470","dialyzernonlinear-5","dialyzernonlinear","5",9,0
"471","electoral-1","electoral","1",9,0.0192247084777813
"472","electoral-2","electoral","2",9,0.0217983651226158
"473","electoral-3","electoral","3",9,0.0242954324586978
"474","electoral-4","electoral","4",9,0.0173510699826489
"475","electoral-5","electoral","5",9,0.0250347705146036
"476","examcorr-1","examcorr","1",9,0.00445765230312036
"477","examcorr-2","examcorr","2",9,0
"478","examcorr-3","examcorr","3",9,0
"479","examcorr-4","examcorr","4",9,0.0188679245283019
"480","examcorr-5","examcorr","5",9,0
"481","examfanned-1","examfanned","1",9,0.0244787644787645
"482","examfanned-2","examfanned","2",9,0.0158730158730159
"483","examfanned-3","examfanned","3",9,0.0208457415128052
"484","examfanned-4","examfanned","4",9,0.0377952755905512
"485","examfanned-5","examfanned","5",9,0.04739336492891
"486","examuncorr-1","examuncorr","1",9,0.0215827338129496
"487","examuncorr-2","examuncorr","2",9,0.0372381691233514
"488","examuncorr-3","examuncorr","3",9,0.0444444444444444
"489","examuncorr-4","examuncorr","4",9,0.0507246376811594
"490","examuncorr-5","examuncorr","5",9,0.046875
"491","radontranef-1","radontranef","1",9,0
"492","radontranef-2","radontranef","2",9,0.00625782227784731
"493","radontranef-3","radontranef","3",9,0
"494","radontranef-4","radontranef","4",9,0.00545454545454545
"495","radontranef-5","radontranef","5",9,0.0147058823529412
"496","autismfanned2-1","autismfanned2","1",10,0.0335570469798658
"497","autismfanned2-2","autismfanned2","2",10,0
"498","autismfanned2-3","autismfanned2","3",10,0
"499","autismfanned2-4","autismfanned2","4",10,0
"500","autismfanned2-5","autismfanned2","5",10,0
"501","autismordered-1","autismordered","1",10,0
"502","autismordered-2","autismordered","2",10,0
"503","autismordered-3","autismordered","3",10,0
"504","autismordered-4","autismordered","4",10,0
"505","autismordered-5","autismordered","5",10,0
"506","autismunordered-1","autismunordered","1",10,0
"507","autismunordered-2","autismunordered","2",10,0.015748031496063
"508","autismunordered-3","autismunordered","3",10,0
"509","autismunordered-4","autismunordered","4",10,0
"510","autismunordered-5","autismunordered","5",10,0
"511","cyclone-1","cyclone","1",10,0.04
"512","cyclone-2","cyclone","2",10,0.0260869565217391
"513","cyclone-3","cyclone","3",10,0.0437956204379562
"514","cyclone-4","cyclone","4",10,0.0333333333333333
"515","cyclone-5","cyclone","5",10,0.0319148936170213
"516","dialyzerheterogeneous-1","dialyzerheterogeneous","1",10,0.0354505169867061
"517","dialyzerheterogeneous-2","dialyzerheterogeneous","2",10,0.0362537764350453
"518","dialyzerheterogeneous-3","dialyzerheterogeneous","3",10,0.0241935483870968
"519","dialyzerheterogeneous-4","dialyzerheterogeneous","4",10,0.0365853658536585
"520","dialyzerheterogeneous-5","dialyzerheterogeneous","5",10,0.0337552742616034
"521","dialyzernonlinear-1","dialyzernonlinear","1",10,0
"522","dialyzernonlinear-2","dialyzernonlinear","2",10,0
"523","dialyzernonlinear-3","dialyzernonlinear","3",10,0
"524","dialyzernonlinear-4","dialyzernonlinear","4",10,0
"525","dialyzernonlinear-5","dialyzernonlinear","5",10,0
"526","electoral-1","electoral","1",10,0.017018594390167
"527","electoral-2","electoral","2",10,0.0181653042688465
"528","electoral-3","electoral","3",10,0.021865889212828
"529","electoral-4","electoral","4",10,0.0173510699826489
"530","electoral-5","electoral","5",10,0.0166898470097357
"531","examcorr-1","examcorr","1",10,0
"532","examcorr-2","examcorr","2",10,0
"533","examcorr-3","examcorr","3",10,0
"534","examcorr-4","examcorr","4",10,0
"535","examcorr-5","examcorr","5",10,0
"536","examfanned-1","examfanned","1",10,0.0243243243243243
"537","examfanned-2","examfanned","2",10,0.0158730158730159
"538","examfanned-3","examfanned","3",10,0.0208457415128052
"539","examfanned-4","examfanned","4",10,0.0188976377952756
"540","examfanned-5","examfanned","5",10,0.0396919431279621
"541","examuncorr-1","examuncorr","1",10,0.0215827338129496
"542","examuncorr-2","examuncorr","2",10,0.0372381691233514
"543","examuncorr-3","examuncorr","3",10,0.0303030303030303
"544","examuncorr-4","examuncorr","4",10,0.0489130434782609
"545","examuncorr-5","examuncorr","5",10,0.0403645833333333
"546","radontranef-1","radontranef","1",10,0
"547","radontranef-2","radontranef","2",10,0.00625782227784731
"548","radontranef-3","radontranef","3",10,0
"549","radontranef-4","radontranef","4",10,0.00363636363636364
"550","radontranef-5","radontranef","5",10,0.0147058823529412
"551","autismfanned2-1","autismfanned2","1",11,0.00671140939597315
"552","autismfanned2-2","autismfanned2","2",11,0
"553","autismfanned2-3","autismfanned2","3",11,0
"554","autismfanned2-4","autismfanned2","4",11,0
"555","autismfanned2-5","autismfanned2","5",11,0
"556","autismordered-1","autismordered","1",11,0
"557","autismordered-2","autismordered","2",11,0
"558","autismordered-3","autismordered","3",11,0
"559","autismordered-4","autismordered","4",11,0
"560","autismordered-5","autismordered","5",11,0
"561","autismunordered-1","autismunordered","1",11,0
"562","autismunordered-2","autismunordered","2",11,0.015748031496063
"563","autismunordered-3","autismunordered","3",11,0
"564","autismunordered-4","autismunordered","4",11,0
"565","autismunordered-5","autismunordered","5",11,0
"566","cyclone-1","cyclone","1",11,0.04
"567","cyclone-2","cyclone","2",11,0
"568","cyclone-3","cyclone","3",11,0
"569","cyclone-4","cyclone","4",11,0.0333333333333333
"570","cyclone-5","cyclone","5",11,0.0319148936170213
"571","dialyzerheterogeneous-1","dialyzerheterogeneous","1",11,0.0354505169867061
"572","dialyzerheterogeneous-2","dialyzerheterogeneous","2",11,0.027190332326284
"573","dialyzerheterogeneous-3","dialyzerheterogeneous","3",11,0.0120967741935484
"574","dialyzerheterogeneous-4","dialyzerheterogeneous","4",11,0.0365853658536585
"575","dialyzerheterogeneous-5","dialyzerheterogeneous","5",11,0.0225035161744023
"576","dialyzernonlinear-1","dialyzernonlinear","1",11,0
"577","dialyzernonlinear-2","dialyzernonlinear","2",11,0
"578","dialyzernonlinear-3","dialyzernonlinear","3",11,0
"579","dialyzernonlinear-4","dialyzernonlinear","4",11,0
"580","dialyzernonlinear-5","dialyzernonlinear","5",11,0
"581","electoral-1","electoral","1",11,0.0104002521273243
"582","electoral-2","electoral","2",11,0.0181653042688465
"583","electoral-3","electoral","3",11,0.0174927113702624
"584","electoral-4","electoral","4",11,0.00867553499132447
"585","electoral-5","electoral","5",11,0.0166898470097357
"586","examcorr-1","examcorr","1",11,0
"587","examcorr-2","examcorr","2",11,0
"588","examcorr-3","examcorr","3",11,0
"589","examcorr-4","examcorr","4",11,0
"590","examcorr-5","examcorr","5",11,0
"591","examfanned-1","examfanned","1",11,0.0225868725868726
"592","examfanned-2","examfanned","2",11,0.0158730158730159
"593","examfanned-3","examfanned","3",11,0.0178677784395474
"594","examfanned-4","examfanned","4",11,0.0188976377952756
"595","examfanned-5","examfanned","5",11,0.0154028436018957
"596","examuncorr-1","examuncorr","1",11,0.0179856115107914
"597","examuncorr-2","examuncorr","2",11,0.0325833979829325
"598","examuncorr-3","examuncorr","3",11,0.0202020202020202
"599","examuncorr-4","examuncorr","4",11,0.0452898550724638
"600","examuncorr-5","examuncorr","5",11,0.0208333333333333
"601","radontranef-1","radontranef","1",11,0
"602","radontranef-2","radontranef","2",11,0.00625782227784731
"603","radontranef-3","radontranef","3",11,0
"604","radontranef-4","radontranef","4",11,0.00363636363636364
"605","radontranef-5","radontranef","5",11,0.00784313725490196
"606","autismfanned2-1","autismfanned2","1",12,0
"607","autismfanned2-2","autismfanned2","2",12,0
"608","autismfanned2-3","autismfanned2","3",12,0
"609","autismfanned2-4","autismfanned2","4",12,0
"610","autismfanned2-5","autismfanned2","5",12,0
"611","autismordered-1","autismordered","1",12,0
"612","autismordered-2","autismordered","2",12,0
"613","autismordered-3","autismordered","3",12,0
"614","autismordered-4","autismordered","4",12,0
"615","autismordered-5","autismordered","5",12,0
"616","autismunordered-1","autismunordered","1",12,0
"617","autismunordered-2","autismunordered","2",12,0
"618","autismunordered-3","autismunordered","3",12,0
"619","autismunordered-4","autismunordered","4",12,0
"620","autismunordered-5","autismunordered","5",12,0
"621","cyclone-1","cyclone","1",12,0.04
"622","cyclone-2","cyclone","2",12,0
"623","cyclone-3","cyclone","3",12,0
"624","cyclone-4","cyclone","4",12,0.0111111111111111
"625","cyclone-5","cyclone","5",12,0
"626","dialyzerheterogeneous-1","dialyzerheterogeneous","1",12,0.0221565731166913
"627","dialyzerheterogeneous-2","dialyzerheterogeneous","2",12,0.0181268882175227
"628","dialyzerheterogeneous-3","dialyzerheterogeneous","3",12,0.0120967741935484
"629","dialyzerheterogeneous-4","dialyzerheterogeneous","4",12,0.024390243902439
"630","dialyzerheterogeneous-5","dialyzerheterogeneous","5",12,0.020253164556962
"631","dialyzernonlinear-1","dialyzernonlinear","1",12,0
"632","dialyzernonlinear-2","dialyzernonlinear","2",12,0
"633","dialyzernonlinear-3","dialyzernonlinear","3",12,0
"634","dialyzernonlinear-4","dialyzernonlinear","4",12,0
"635","dialyzernonlinear-5","dialyzernonlinear","5",12,0
"636","electoral-1","electoral","1",12,0.00378190986448156
"637","electoral-2","electoral","2",12,0.0112019376324553
"638","electoral-3","electoral","3",12,0.00485908649173955
"639","electoral-4","electoral","4",12,0.00867553499132447
"640","electoral-5","electoral","5",12,0.0166898470097357
"641","examcorr-1","examcorr","1",12,0
"642","examcorr-2","examcorr","2",12,0
"643","examcorr-3","examcorr","3",12,0
"644","examcorr-4","examcorr","4",12,0
"645","examcorr-5","examcorr","5",12,0
"646","examfanned-1","examfanned","1",12,0.0216216216216216
"647","examfanned-2","examfanned","2",12,0.00793650793650794
"648","examfanned-3","examfanned","3",12,0.0178677784395474
"649","examfanned-4","examfanned","4",12,0.0188976377952756
"650","examfanned-5","examfanned","5",12,0.00118483412322275
"651","examuncorr-1","examuncorr","1",12,0.0143884892086331
"652","examuncorr-2","examuncorr","2",12,0.0325833979829325
"653","examuncorr-3","examuncorr","3",12,0.0202020202020202
"654","examuncorr-4","examuncorr","4",12,0.0434782608695652
"655","examuncorr-5","examuncorr","5",12,0.01953125
"656","radontranef-1","radontranef","1",12,0
"657","radontranef-2","radontranef","2",12,0
"658","radontranef-3","radontranef","3",12,0
"659","radontranef-4","radontranef","4",12,0.00363636363636364
"660","radontranef-5","radontranef","5",12,0.00367647058823529
"661","autismfanned2-1","autismfanned2","1",13,0
"662","autismfanned2-2","autismfanned2","2",13,0
"663","autismfanned2-3","autismfanned2","3",13,0
"664","autismfanned2-4","autismfanned2","4",13,0
"665","autismfanned2-5","autismfanned2","5",13,0
"666","autismordered-1","autismordered","1",13,0
"667","autismordered-2","autismordered","2",13,0
"668","autismordered-3","autismordered","3",13,0
"669","autismordered-4","autismordered","4",13,0
"670","autismordered-5","autismordered","5",13,0
"671","autismunordered-1","autismunordered","1",13,0
"672","autismunordered-2","autismunordered","2",13,0
"673","autismunordered-3","autismunordered","3",13,0
"674","autismunordered-4","autismunordered","4",13,0
"675","autismunordered-5","autismunordered","5",13,0
"676","cyclone-1","cyclone","1",13,0
"677","cyclone-2","cyclone","2",13,0
"678","cyclone-3","cyclone","3",13,0
"679","cyclone-4","cyclone","4",13,0
"680","cyclone-5","cyclone","5",13,0
"681","dialyzerheterogeneous-1","dialyzerheterogeneous","1",13,0
"682","dialyzerheterogeneous-2","dialyzerheterogeneous","2",13,0.0181268882175227
"683","dialyzerheterogeneous-3","dialyzerheterogeneous","3",13,0.00403225806451613
"684","dialyzerheterogeneous-4","dialyzerheterogeneous","4",13,0.024390243902439
"685","dialyzerheterogeneous-5","dialyzerheterogeneous","5",13,0.0168776371308017
"686","dialyzernonlinear-1","dialyzernonlinear","1",13,0
"687","dialyzernonlinear-2","dialyzernonlinear","2",13,0
"688","dialyzernonlinear-3","dialyzernonlinear","3",13,0
"689","dialyzernonlinear-4","dialyzernonlinear","4",13,0
"690","dialyzernonlinear-5","dialyzernonlinear","5",13,0
"691","electoral-1","electoral","1",13,0.00378190986448156
"692","electoral-2","electoral","2",13,0.0036330608537693
"693","electoral-3","electoral","3",13,0.00485908649173955
"694","electoral-4","electoral","4",13,0.00722961249277039
"695","electoral-5","electoral","5",13,0.0166898470097357
"696","examcorr-1","examcorr","1",13,0
"697","examcorr-2","examcorr","2",13,0
"698","examcorr-3","examcorr","3",13,0
"699","examcorr-4","examcorr","4",13,0
"700","examcorr-5","examcorr","5",13,0
"701","examfanned-1","examfanned","1",13,0.0212355212355212
"702","examfanned-2","examfanned","2",13,0.00529100529100529
"703","examfanned-3","examfanned","3",13,0.0178677784395474
"704","examfanned-4","examfanned","4",13,0.0188976377952756
"705","examfanned-5","examfanned","5",13,0.00118483412322275
"706","examuncorr-1","examuncorr","1",13,0.0143884892086331
"707","examuncorr-2","examuncorr","2",13,0.0162916989914663
"708","examuncorr-3","examuncorr","3",13,0.0101010101010101
"709","examuncorr-4","examuncorr","4",13,0.0398550724637681
"710","examuncorr-5","examuncorr","5",13,0.015625
"711","radontranef-1","radontranef","1",13,0
"712","radontranef-2","radontranef","2",13,0
"713","radontranef-3","radontranef","3",13,0
"714","radontranef-4","radontranef","4",13,0
"715","radontranef-5","radontranef","5",13,0.00367647058823529
"716","autismfanned2-1","autismfanned2","1",14,0
"717","autismfanned2-2","autismfanned2","2",14,0
"718","autismfanned2-3","autismfanned2","3",14,0
"719","autismfanned2-4","autismfanned2","4",14,0
"720","autismfanned2-5","autismfanned2","5",14,0
"721","autismordered-1","autismordered","1",14,0
"722","autismordered-2","autismordered","2",14,0
"723","autismordered-3","autismordered","3",14,0
"724","autismordered-4","autismordered","4",14,0
"725","autismordered-5","autismordered","5",14,0
"726","autismunordered-1","autismunordered","1",14,0
"727","autismunordered-2","autismunordered","2",14,0
"728","autismunordered-3","autismunordered","3",14,0
"729","autismunordered-4","autismunordered","4",14,0
"730","autismunordered-5","autismunordered","5",14,0
"731","cyclone-1","cyclone","1",14,0
"732","cyclone-2","cyclone","2",14,0
"733","cyclone-3","cyclone","3",14,0
"734","cyclone-4","cyclone","4",14,0
"735","cyclone-5","cyclone","5",14,0
"736","dialyzerheterogeneous-1","dialyzerheterogeneous","1",14,0
"737","dialyzerheterogeneous-2","dialyzerheterogeneous","2",14,0.0181268882175227
"738","dialyzerheterogeneous-3","dialyzerheterogeneous","3",14,0
"739","dialyzerheterogeneous-4","dialyzerheterogeneous","4",14,0.0182926829268293
"740","dialyzerheterogeneous-5","dialyzerheterogeneous","5",14,0.0168776371308017
"741","dialyzernonlinear-1","dialyzernonlinear","1",14,0
"742","dialyzernonlinear-2","dialyzernonlinear","2",14,0
"743","dialyzernonlinear-3","dialyzernonlinear","3",14,0
"744","dialyzernonlinear-4","dialyzernonlinear","4",14,0
"745","dialyzernonlinear-5","dialyzernonlinear","5",14,0
"746","electoral-1","electoral","1",14,0
"747","electoral-2","electoral","2",14,0.0036330608537693
"748","electoral-3","electoral","3",14,0.00364431486880466
"749","electoral-4","electoral","4",14,0
"750","electoral-5","electoral","5",14,0.0166898470097357
"751","examcorr-1","examcorr","1",14,0
"752","examcorr-2","examcorr","2",14,0
"753","examcorr-3","examcorr","3",14,0
"754","examcorr-4","examcorr","4",14,0
"755","examcorr-5","examcorr","5",14,0
"756","examfanned-1","examfanned","1",14,0.0162162162162162
"757","examfanned-2","examfanned","2",14,0
"758","examfanned-3","examfanned","3",14,0.00893388921977368
"759","examfanned-4","examfanned","4",14,0
"760","examfanned-5","examfanned","5",14,0.00118483412322275
"761","examuncorr-1","examuncorr","1",14,0.0143884892086331
"762","examuncorr-2","examuncorr","2",14,0.0162916989914663
"763","examuncorr-3","examuncorr","3",14,0.00404040404040404
"764","examuncorr-4","examuncorr","4",14,0.0217391304347826
"765","examuncorr-5","examuncorr","5",14,0.015625
"766","radontranef-1","radontranef","1",14,0
"767","radontranef-2","radontranef","2",14,0
"768","radontranef-3","radontranef","3",14,0
"769","radontranef-4","radontranef","4",14,0
"770","radontranef-5","radontranef","5",14,0.00294117647058824
"771","autismfanned2-1","autismfanned2","1",15,0
"772","autismfanned2-2","autismfanned2","2",15,0
"773","autismfanned2-3","autismfanned2","3",15,0
"774","autismfanned2-4","autismfanned2","4",15,0
"775","autismfanned2-5","autismfanned2","5",15,0
"776","autismordered-1","autismordered","1",15,0
"777","autismordered-2","autismordered","2",15,0
"778","autismordered-3","autismordered","3",15,0
"779","autismordered-4","autismordered","4",15,0
"780","autismordered-5","autismordered","5",15,0
"781","autismunordered-1","autismunordered","1",15,0
"782","autismunordered-2","autismunordered","2",15,0
"783","autismunordered-3","autismunordered","3",15,0
"784","autismunordered-4","autismunordered","4",15,0
"785","autismunordered-5","autismunordered","5",15,0
"786","cyclone-1","cyclone","1",15,0
"787","cyclone-2","cyclone","2",15,0
"788","cyclone-3","cyclone","3",15,0
"789","cyclone-4","cyclone","4",15,0
"790","cyclone-5","cyclone","5",15,0
"791","dialyzerheterogeneous-1","dialyzerheterogeneous","1",15,0
"792","dialyzerheterogeneous-2","dialyzerheterogeneous","2",15,0.00906344410876133
"793","dialyzerheterogeneous-3","dialyzerheterogeneous","3",15,0
"794","dialyzerheterogeneous-4","dialyzerheterogeneous","4",15,0.0182926829268293
"795","dialyzerheterogeneous-5","dialyzerheterogeneous","5",15,0.0140646976090014
"796","dialyzernonlinear-1","dialyzernonlinear","1",15,0
"797","dialyzernonlinear-2","dialyzernonlinear","2",15,0
"798","dialyzernonlinear-3","dialyzernonlinear","3",15,0
"799","dialyzernonlinear-4","dialyzernonlinear","4",15,0
"800","dialyzernonlinear-5","dialyzernonlinear","5",15,0
"801","electoral-1","electoral","1",15,0
"802","electoral-2","electoral","2",15,0
"803","electoral-3","electoral","3",15,0
"804","electoral-4","electoral","4",15,0
"805","electoral-5","electoral","5",15,0.0166898470097357
"806","examcorr-1","examcorr","1",15,0
"807","examcorr-2","examcorr","2",15,0
"808","examcorr-3","examcorr","3",15,0
"809","examcorr-4","examcorr","4",15,0
"810","examcorr-5","examcorr","5",15,0
"811","examfanned-1","examfanned","1",15,0.00637065637065637
"812","examfanned-2","examfanned","2",15,0
"813","examfanned-3","examfanned","3",15,0.00357355568790947
"814","examfanned-4","examfanned","4",15,0
"815","examfanned-5","examfanned","5",15,0.00118483412322275
"816","examuncorr-1","examuncorr","1",15,0.0143884892086331
"817","examuncorr-2","examuncorr","2",15,0.0162916989914663
"818","examuncorr-3","examuncorr","3",15,0
"819","examuncorr-4","examuncorr","4",15,0.0217391304347826
"820","examuncorr-5","examuncorr","5",15,0.0078125
"821","radontranef-1","radontranef","1",15,0
"822","radontranef-2","radontranef","2",15,0
"823","radontranef-3","radontranef","3",15,0
"824","radontranef-4","radontranef","4",15,0
"825","radontranef-5","radontranef","5",15,0
"826","autismfanned2-1","autismfanned2","1",16,0
"827","autismfanned2-2","autismfanned2","2",16,0
"828","autismfanned2-3","autismfanned2","3",16,0
"829","autismfanned2-4","autismfanned2","4",16,0
"830","autismfanned2-5","autismfanned2","5",16,0
"831","autismordered-1","autismordered","1",16,0
"832","autismordered-2","autismordered","2",16,0
"833","autismordered-3","autismordered","3",16,0
"834","autismordered-4","autismordered","4",16,0
"835","autismordered-5","autismordered","5",16,0
"836","autismunordered-1","autismunordered","1",16,0
"837","autismunordered-2","autismunordered","2",16,0
"838","autismunordered-3","autismunordered","3",16,0
"839","autismunordered-4","autismunordered","4",16,0
"840","autismunordered-5","autismunordered","5",16,0
"841","cyclone-1","cyclone","1",16,0
"842","cyclone-2","cyclone","2",16,0
"843","cyclone-3","cyclone","3",16,0
"844","cyclone-4","cyclone","4",16,0
"845","cyclone-5","cyclone","5",16,0
"846","dialyzerheterogeneous-1","dialyzerheterogeneous","1",16,0
"847","dialyzerheterogeneous-2","dialyzerheterogeneous","2",16,0
"848","dialyzerheterogeneous-3","dialyzerheterogeneous","3",16,0
"849","dialyzerheterogeneous-4","dialyzerheterogeneous","4",16,0.00228658536585366
"850","dialyzerheterogeneous-5","dialyzerheterogeneous","5",16,0.00984528832630098
"851","dialyzernonlinear-1","dialyzernonlinear","1",16,0
"852","dialyzernonlinear-2","dialyzernonlinear","2",16,0
"853","dialyzernonlinear-3","dialyzernonlinear","3",16,0
"854","dialyzernonlinear-4","dialyzernonlinear","4",16,0
"855","dialyzernonlinear-5","dialyzernonlinear","5",16,0
"856","electoral-1","electoral","1",16,0
"857","electoral-2","electoral","2",16,0
"858","electoral-3","electoral","3",16,0
"859","electoral-4","electoral","4",16,0
"860","electoral-5","electoral","5",16,0.0125173852573018
"861","examcorr-1","examcorr","1",16,0
"862","examcorr-2","examcorr","2",16,0
"863","examcorr-3","examcorr","3",16,0
"864","examcorr-4","examcorr","4",16,0
"865","examcorr-5","examcorr","5",16,0
"866","examfanned-1","examfanned","1",16,0.00540540540540541
"867","examfanned-2","examfanned","2",16,0
"868","examfanned-3","examfanned","3",16,0.00297796307325789
"869","examfanned-4","examfanned","4",16,0
"870","examfanned-5","examfanned","5",16,0.00118483412322275
"871","examuncorr-1","examuncorr","1",16,0.0143884892086331
"872","examuncorr-2","examuncorr","2",16,0
"873","examuncorr-3","examuncorr","3",16,0
"874","examuncorr-4","examuncorr","4",16,0.0126811594202899
"875","examuncorr-5","examuncorr","5",16,0.0078125
"876","radontranef-1","radontranef","1",16,0
"877","radontranef-2","radontranef","2",16,0
"878","radontranef-3","radontranef","3",16,0
"879","radontranef-4","radontranef","4",16,0
"880","radontranef-5","radontranef","5",16,0
"881","autismfanned2-1","autismfanned2","1",17,0
"882","autismfanned2-2","autismfanned2","2",17,0
"883","autismfanned2-3","autismfanned2","3",17,0
"884","autismfanned2-4","autismfanned2","4",17,0
"885","autismfanned2-5","autismfanned2","5",17,0
"886","autismordered-1","autismordered","1",17,0
"887","autismordered-2","autismordered","2",17,0
"888","autismordered-3","autismordered","3",17,0
"889","autismordered-4","autismordered","4",17,0
"890","autismordered-5","autismordered","5",17,0
"891","autismunordered-1","autismunordered","1",17,0
"892","autismunordered-2","autismunordered","2",17,0
"893","autismunordered-3","autismunordered","3",17,0
"894","autismunordered-4","autismunordered","4",17,0
"895","autismunordered-5","autismunordered","5",17,0
"896","cyclone-1","cyclone","1",17,0
"897","cyclone-2","cyclone","2",17,0
"898","cyclone-3","cyclone","3",17,0
"899","cyclone-4","cyclone","4",17,0
"900","cyclone-5","cyclone","5",17,0
"901","dialyzerheterogeneous-1","dialyzerheterogeneous","1",17,0
"902","dialyzerheterogeneous-2","dialyzerheterogeneous","2",17,0
"903","dialyzerheterogeneous-3","dialyzerheterogeneous","3",17,0
"904","dialyzerheterogeneous-4","dialyzerheterogeneous","4",17,0.00228658536585366
"905","dialyzerheterogeneous-5","dialyzerheterogeneous","5",17,0.00562587904360056
"906","dialyzernonlinear-1","dialyzernonlinear","1",17,0
"907","dialyzernonlinear-2","dialyzernonlinear","2",17,0
"908","dialyzernonlinear-3","dialyzernonlinear","3",17,0
"909","dialyzernonlinear-4","dialyzernonlinear","4",17,0
"910","dialyzernonlinear-5","dialyzernonlinear","5",17,0
"911","electoral-1","electoral","1",17,0
"912","electoral-2","electoral","2",17,0
"913","electoral-3","electoral","3",17,0
"914","electoral-4","electoral","4",17,0
"915","electoral-5","electoral","5",17,0.00417246175243394
"916","examcorr-1","examcorr","1",17,0
"917","examcorr-2","examcorr","2",17,0
"918","examcorr-3","examcorr","3",17,0
"919","examcorr-4","examcorr","4",17,0
"920","examcorr-5","examcorr","5",17,0
"921","examfanned-1","examfanned","1",17,0
"922","examfanned-2","examfanned","2",17,0
"923","examfanned-3","examfanned","3",17,0
"924","examfanned-4","examfanned","4",17,0
"925","examfanned-5","examfanned","5",17,0
"926","examuncorr-1","examuncorr","1",17,0.0143884892086331
"927","examuncorr-2","examuncorr","2",17,0
"928","examuncorr-3","examuncorr","3",17,0
"929","examuncorr-4","examuncorr","4",17,0.0072463768115942
"930","examuncorr-5","examuncorr","5",17,0
"931","radontranef-1","radontranef","1",17,0
"932","radontranef-2","radontranef","2",17,0
"933","radontranef-3","radontranef","3",17,0
"934","radontranef-4","radontranef","4",17,0
"935","radontranef-5","radontranef","5",17,0
"936","autismfanned2-1","autismfanned2","1",18,0
"937","autismfanned2-2","autismfanned2","2",18,0
"938","autismfanned2-3","autismfanned2","3",18,0
"939","autismfanned2-4","autismfanned2","4",18,0
"940","autismfanned2-5","autismfanned2","5",18,0
"941","autismordered-1","autismordered","1",18,0
"942","autismordered-2","autismordered","2",18,0
"943","autismordered-3","autismordered","3",18,0
"944","autismordered-4","autismordered","4",18,0
"945","autismordered-5","autismordered","5",18,0
"946","autismunordered-1","autismunordered","1",18,0
"947","autismunordered-2","autismunordered","2",18,0
"948","autismunordered-3","autismunordered","3",18,0
"949","autismunordered-4","autismunordered","4",18,0
"950","autismunordered-5","autismunordered","5",18,0
"951","cyclone-1","cyclone","1",18,0
"952","cyclone-2","cyclone","2",18,0
"953","cyclone-3","cyclone","3",18,0
"954","cyclone-4","cyclone","4",18,0
"955","cyclone-5","cyclone","5",18,0
"956","dialyzerheterogeneous-1","dialyzerheterogeneous","1",18,0
"957","dialyzerheterogeneous-2","dialyzerheterogeneous","2",18,0
"958","dialyzerheterogeneous-3","dialyzerheterogeneous","3",18,0
"959","dialyzerheterogeneous-4","dialyzerheterogeneous","4",18,0
"960","dialyzerheterogeneous-5","dialyzerheterogeneous","5",18,0.00337552742616034
"961","dialyzernonlinear-1","dialyzernonlinear","1",18,0
"962","dialyzernonlinear-2","dialyzernonlinear","2",18,0
"963","dialyzernonlinear-3","dialyzernonlinear","3",18,0
"964","dialyzernonlinear-4","dialyzernonlinear","4",18,0
"965","dialyzernonlinear-5","dialyzernonlinear","5",18,0
"966","electoral-1","electoral","1",18,0
"967","electoral-2","electoral","2",18,0
"968","electoral-3","electoral","3",18,0
"969","electoral-4","electoral","4",18,0
"970","electoral-5","electoral","5",18,0.00417246175243394
"971","examcorr-1","examcorr","1",18,0
"972","examcorr-2","examcorr","2",18,0
"973","examcorr-3","examcorr","3",18,0
"974","examcorr-4","examcorr","4",18,0
"975","examcorr-5","examcorr","5",18,0
"976","examfanned-1","examfanned","1",18,0
"977","examfanned-2","examfanned","2",18,0
"978","examfanned-3","examfanned","3",18,0
"979","examfanned-4","examfanned","4",18,0
"980","examfanned-5","examfanned","5",18,0
"981","examuncorr-1","examuncorr","1",18,0.00719424460431655
"982","examuncorr-2","examuncorr","2",18,0
"983","examuncorr-3","examuncorr","3",18,0
"984","examuncorr-4","examuncorr","4",18,0.0072463768115942
"985","examuncorr-5","examuncorr","5",18,0
"986","radontranef-1","radontranef","1",18,0
"987","radontranef-2","radontranef","2",18,0
"988","radontranef-3","radontranef","3",18,0
"989","radontranef-4","radontranef","4",18,0
"990","radontranef-5","radontranef","5",18,0
"991","autismfanned2-1","autismfanned2","1",19,0
"992","autismfanned2-2","autismfanned2","2",19,0
"993","autismfanned2-3","autismfanned2","3",19,0
"994","autismfanned2-4","autismfanned2","4",19,0
"995","autismfanned2-5","autismfanned2","5",19,0
"996","autismordered-1","autismordered","1",19,0
"997","autismordered-2","autismordered","2",19,0
"998","autismordered-3","autismordered","3",19,0
"999","autismordered-4","autismordered","4",19,0
"1000","autismordered-5","autismordered","5",19,0
"1001","autismunordered-1","autismunordered","1",19,0
"1002","autismunordered-2","autismunordered","2",19,0
"1003","autismunordered-3","autismunordered","3",19,0
"1004","autismunordered-4","autismunordered","4",19,0
"1005","autismunordered-5","autismunordered","5",19,0
"1006","cyclone-1","cyclone","1",19,0
"1007","cyclone-2","cyclone","2",19,0
"1008","cyclone-3","cyclone","3",19,0
"1009","cyclone-4","cyclone","4",19,0
"1010","cyclone-5","cyclone","5",19,0
"1011","dialyzerheterogeneous-1","dialyzerheterogeneous","1",19,0
"1012","dialyzerheterogeneous-2","dialyzerheterogeneous","2",19,0
"1013","dialyzerheterogeneous-3","dialyzerheterogeneous","3",19,0
"1014","dialyzerheterogeneous-4","dialyzerheterogeneous","4",19,0
"1015","dialyzerheterogeneous-5","dialyzerheterogeneous","5",19,0
"1016","dialyzernonlinear-1","dialyzernonlinear","1",19,0
"1017","dialyzernonlinear-2","dialyzernonlinear","2",19,0
"1018","dialyzernonlinear-3","dialyzernonlinear","3",19,0
"1019","dialyzernonlinear-4","dialyzernonlinear","4",19,0
"1020","dialyzernonlinear-5","dialyzernonlinear","5",19,0
"1021","electoral-1","electoral","1",19,0
"1022","electoral-2","electoral","2",19,0
"1023","electoral-3","electoral","3",19,0
"1024","electoral-4","electoral","4",19,0
"1025","electoral-5","electoral","5",19,0
"1026","examcorr-1","examcorr","1",19,0
"1027","examcorr-2","examcorr","2",19,0
"1028","examcorr-3","examcorr","3",19,0
"1029","examcorr-4","examcorr","4",19,0
"1030","examcorr-5","examcorr","5",19,0
"1031","examfanned-1","examfanned","1",19,0
"1032","examfanned-2","examfanned","2",19,0
"1033","examfanned-3","examfanned","3",19,0
"1034","examfanned-4","examfanned","4",19,0
"1035","examfanned-5","examfanned","5",19,0
"1036","examuncorr-1","examuncorr","1",19,0
"1037","examuncorr-2","examuncorr","2",19,0
"1038","examuncorr-3","examuncorr","3",19,0
"1039","examuncorr-4","examuncorr","4",19,0
"1040","examuncorr-5","examuncorr","5",19,0
"1041","radontranef-1","radontranef","1",19,0
"1042","radontranef-2","radontranef","2",19,0
"1043","radontranef-3","radontranef","3",19,0
"1044","radontranef-4","radontranef","4",19,0
"1045","radontranef-5","radontranef","5",19,0
"1046","autismfanned2-1","autismfanned2","1",20,NA
"1047","autismfanned2-2","autismfanned2","2",20,NA
"1048","autismfanned2-3","autismfanned2","3",20,NA
"1049","autismfanned2-4","autismfanned2","4",20,NA
"1050","autismfanned2-5","autismfanned2","5",20,NA
"1051","autismordered-1","autismordered","1",20,NA
"1052","autismordered-2","autismordered","2",20,NA
"1053","autismordered-3","autismordered","3",20,NA
"1054","autismordered-4","autismordered","4",20,NA
"1055","autismordered-5","autismordered","5",20,NA
"1056","autismunordered-1","autismunordered","1",20,NA
"1057","autismunordered-2","autismunordered","2",20,NA
"1058","autismunordered-3","autismunordered","3",20,NA
"1059","autismunordered-4","autismunordered","4",20,NA
"1060","autismunordered-5","autismunordered","5",20,NA
"1061","cyclone-1","cyclone","1",20,NA
"1062","cyclone-2","cyclone","2",20,NA
"1063","cyclone-3","cyclone","3",20,NA
"1064","cyclone-4","cyclone","4",20,NA
"1065","cyclone-5","cyclone","5",20,NA
"1066","dialyzerheterogeneous-1","dialyzerheterogeneous","1",20,NA
"1067","dialyzerheterogeneous-2","dialyzerheterogeneous","2",20,NA
"1068","dialyzerheterogeneous-3","dialyzerheterogeneous","3",20,NA
"1069","dialyzerheterogeneous-4","dialyzerheterogeneous","4",20,NA
"1070","dialyzerheterogeneous-5","dialyzerheterogeneous","5",20,NA
"1071","dialyzernonlinear-1","dialyzernonlinear","1",20,NA
"1072","dialyzernonlinear-2","dialyzernonlinear","2",20,NA
"1073","dialyzernonlinear-3","dialyzernonlinear","3",20,NA
"1074","dialyzernonlinear-4","dialyzernonlinear","4",20,NA
"1075","dialyzernonlinear-5","dialyzernonlinear","5",20,NA
"1076","electoral-1","electoral","1",20,NA
"1077","electoral-2","electoral","2",20,NA
"1078","electoral-3","electoral","3",20,NA
"1079","electoral-4","electoral","4",20,NA
"1080","electoral-5","electoral","5",20,NA
"1081","examcorr-1","examcorr","1",20,NA
"1082","examcorr-2","examcorr","2",20,NA
"1083","examcorr-3","examcorr","3",20,NA
"1084","examcorr-4","examcorr","4",20,NA
"1085","examcorr-5","examcorr","5",20,NA
"1086","examfanned-1","examfanned","1",20,NA
"1087","examfanned-2","examfanned","2",20,NA
"1088","examfanned-3","examfanned","3",20,NA
"1089","examfanned-4","examfanned","4",20,NA
"1090","examfanned-5","examfanned","5",20,NA
"1091","examuncorr-1","examuncorr","1",20,NA
"1092","examuncorr-2","examuncorr","2",20,NA
"1093","examuncorr-3","examuncorr","3",20,NA
"1094","examuncorr-4","examuncorr","4",20,NA
"1095","examuncorr-5","examuncorr","5",20,NA
"1096","radontranef-1","radontranef","1",20,NA
"1097","radontranef-2","radontranef","2",20,NA
"1098","radontranef-3","radontranef","3",20,NA
"1099","radontranef-4","radontranef","4",20,NA
"1100","radontranef-5","radontranef","5",20,NA
